"","response_uuid","Word","diff","Age"
"1","004732ad-6b7f-4b0c-861b-48fe2a7f3287","apple",0.0500002087755002,"6"
"2","004732ad-6b7f-4b0c-861b-48fe2a7f3287","banana",0.118627250801203,"6"
"3","004732ad-6b7f-4b0c-861b-48fe2a7f3287","cookie",0.0405645949574669,"6"
"4","004732ad-6b7f-4b0c-861b-48fe2a7f3287","foot",0.248157248157248,"6"
"5","004732ad-6b7f-4b0c-861b-48fe2a7f3287","hand",0.0346242939765198,"6"
"6","004732ad-6b7f-4b0c-861b-48fe2a7f3287","milk",0.248157248157248,"6"
"7","004732ad-6b7f-4b0c-861b-48fe2a7f3287","mouth",0.0500002087755001,"6"
"8","004732ad-6b7f-4b0c-861b-48fe2a7f3287","yogurt",0.0346242939765199,"6"
"9","036e33eb-cca7-4d18-ab55-63c4c489229a","apple",-0.0331030049815202,"6"
"10","036e33eb-cca7-4d18-ab55-63c4c489229a","banana",0.0872256286762721,"6"
"11","036e33eb-cca7-4d18-ab55-63c4c489229a","cookie",0.102272727272727,"6"
"12","036e33eb-cca7-4d18-ab55-63c4c489229a","eyes",0.102272727272727,"6"
"13","036e33eb-cca7-4d18-ab55-63c4c489229a","foot",0.0422741012837436,"6"
"14","036e33eb-cca7-4d18-ab55-63c4c489229a","hair",0.0872256286762723,"6"
"15","036e33eb-cca7-4d18-ab55-63c4c489229a","hand",-0.160479025485239,"6"
"16","036e33eb-cca7-4d18-ab55-63c4c489229a","milk",0.0422741012837438,"6"
"17","036e33eb-cca7-4d18-ab55-63c4c489229a","mouth",-0.0331030049815201,"6"
"18","036e33eb-cca7-4d18-ab55-63c4c489229a","yogurt",-0.160479025485239,"6"
"19","06593bf2-f310-46bb-8a43-9c72dc7811b0","apple",-0.362603589265134,"6"
"20","06593bf2-f310-46bb-8a43-9c72dc7811b0","banana",-0.129715522572665,"6"
"21","06593bf2-f310-46bb-8a43-9c72dc7811b0","cookie",-0.215305226174791,"6"
"22","06593bf2-f310-46bb-8a43-9c72dc7811b0","eyes",-0.215305226174791,"6"
"23","06593bf2-f310-46bb-8a43-9c72dc7811b0","foot",0.115828589500316,"6"
"24","06593bf2-f310-46bb-8a43-9c72dc7811b0","hair",-0.129715522572665,"6"
"25","06593bf2-f310-46bb-8a43-9c72dc7811b0","hand",-0.111175610595115,"6"
"26","06593bf2-f310-46bb-8a43-9c72dc7811b0","milk",0.115828589500316,"6"
"27","06593bf2-f310-46bb-8a43-9c72dc7811b0","mouth",-0.362603589265134,"6"
"28","06593bf2-f310-46bb-8a43-9c72dc7811b0","yogurt",-0.111175610595115,"6"
"29","06f52932-c87c-4815-adb9-52cc60998bd9","apple",0.0996824971686553,"12"
"30","06f52932-c87c-4815-adb9-52cc60998bd9","banana",0.297698744597722,"12"
"31","06f52932-c87c-4815-adb9-52cc60998bd9","cookie",0.409062980030722,"12"
"32","06f52932-c87c-4815-adb9-52cc60998bd9","eyes",0.409062980030722,"12"
"33","06f52932-c87c-4815-adb9-52cc60998bd9","foot",0.580717653993516,"12"
"34","06f52932-c87c-4815-adb9-52cc60998bd9","hair",0.297698744597721,"12"
"35","06f52932-c87c-4815-adb9-52cc60998bd9","hand",-0.047929048913849,"12"
"36","06f52932-c87c-4815-adb9-52cc60998bd9","milk",0.580717653993516,"12"
"37","06f52932-c87c-4815-adb9-52cc60998bd9","mouth",0.0996824971686552,"12"
"38","06f52932-c87c-4815-adb9-52cc60998bd9","yogurt",-0.0479290489138491,"12"
"39","08eee7ba-ef32-489d-9d25-e6cd14a0b267","apple",0.084452948090785,"6"
"40","08eee7ba-ef32-489d-9d25-e6cd14a0b267","cookie",0.021870286576169,"6"
"41","08eee7ba-ef32-489d-9d25-e6cd14a0b267","eyes",0.0218702865761689,"6"
"42","08eee7ba-ef32-489d-9d25-e6cd14a0b267","foot",0.361111111111111,"6"
"43","08eee7ba-ef32-489d-9d25-e6cd14a0b267","hand",0.166872852233677,"6"
"44","08eee7ba-ef32-489d-9d25-e6cd14a0b267","milk",0.361111111111111,"6"
"45","08eee7ba-ef32-489d-9d25-e6cd14a0b267","mouth",0.0844529480907849,"6"
"46","095b6236-bad8-4356-8325-878f7a78c608","apple",-0.170433145009416,"6"
"47","095b6236-bad8-4356-8325-878f7a78c608","banana",0.0988700564971751,"6"
"48","095b6236-bad8-4356-8325-878f7a78c608","cookie",-0.0985576923076923,"6"
"49","095b6236-bad8-4356-8325-878f7a78c608","foot",-0.0829455266955267,"6"
"50","095b6236-bad8-4356-8325-878f7a78c608","hair",0.0988700564971751,"6"
"51","095b6236-bad8-4356-8325-878f7a78c608","hand",-0.0368650626143239,"6"
"52","095b6236-bad8-4356-8325-878f7a78c608","milk",-0.0829455266955267,"6"
"53","095b6236-bad8-4356-8325-878f7a78c608","mouth",-0.170433145009416,"6"
"54","095b6236-bad8-4356-8325-878f7a78c608","yogurt",-0.036865062614324,"6"
"55","18088fc2-ebda-40ff-a630-70ffa64a67ea","apple",0.237910793539145,"12"
"56","18088fc2-ebda-40ff-a630-70ffa64a67ea","banana",0.103365634002737,"12"
"57","18088fc2-ebda-40ff-a630-70ffa64a67ea","cookie",-0.0509068001990146,"12"
"58","18088fc2-ebda-40ff-a630-70ffa64a67ea","eyes",-0.0509068001990146,"12"
"59","18088fc2-ebda-40ff-a630-70ffa64a67ea","foot",0.372896634615385,"12"
"60","18088fc2-ebda-40ff-a630-70ffa64a67ea","hair",0.103365634002737,"12"
"61","18088fc2-ebda-40ff-a630-70ffa64a67ea","hand",-0.00676861411705254,"12"
"62","18088fc2-ebda-40ff-a630-70ffa64a67ea","mouth",0.237910793539145,"12"
"63","18088fc2-ebda-40ff-a630-70ffa64a67ea","yogurt",-0.00676861411705265,"12"
"64","195d5246-ee70-4487-9d09-8d13249e2f10","apple",0.0599197247706422,"12"
"65","195d5246-ee70-4487-9d09-8d13249e2f10","banana",-0.329385703331345,"12"
"66","195d5246-ee70-4487-9d09-8d13249e2f10","cookie",0.240536723163842,"12"
"67","195d5246-ee70-4487-9d09-8d13249e2f10","eyes",0.240536723163842,"12"
"68","195d5246-ee70-4487-9d09-8d13249e2f10","foot",0.630361849988018,"12"
"69","195d5246-ee70-4487-9d09-8d13249e2f10","hair",-0.329385703331345,"12"
"70","195d5246-ee70-4487-9d09-8d13249e2f10","hand",-0.173092698933552,"12"
"71","195d5246-ee70-4487-9d09-8d13249e2f10","milk",0.630361849988018,"12"
"72","195d5246-ee70-4487-9d09-8d13249e2f10","yogurt",-0.173092698933552,"12"
"73","1afcb3c4-2834-4ba8-bb46-e4d987cb35ec","apple",0.0538432267884323,"12"
"74","1afcb3c4-2834-4ba8-bb46-e4d987cb35ec","banana",0.0248031496062992,"12"
"75","1afcb3c4-2834-4ba8-bb46-e4d987cb35ec","cookie",0.0748495863078815,"12"
"76","1afcb3c4-2834-4ba8-bb46-e4d987cb35ec","eyes",0.0748495863078815,"12"
"77","1afcb3c4-2834-4ba8-bb46-e4d987cb35ec","foot",0.0801798740421358,"12"
"78","1afcb3c4-2834-4ba8-bb46-e4d987cb35ec","hair",0.0248031496062991,"12"
"79","1afcb3c4-2834-4ba8-bb46-e4d987cb35ec","hand",0.132472513347816,"12"
"80","1afcb3c4-2834-4ba8-bb46-e4d987cb35ec","milk",0.0801798740421357,"12"
"81","1afcb3c4-2834-4ba8-bb46-e4d987cb35ec","mouth",0.0538432267884323,"12"
"82","1afcb3c4-2834-4ba8-bb46-e4d987cb35ec","yogurt",0.132472513347816,"12"
"83","1b9291ee-7904-4319-a182-222c2f7e9ddb","apple",0.124637447631325,"12"
"84","1b9291ee-7904-4319-a182-222c2f7e9ddb","banana",-0.00909319249812421,"12"
"85","1b9291ee-7904-4319-a182-222c2f7e9ddb","cookie",0.00854127624570233,"12"
"86","1b9291ee-7904-4319-a182-222c2f7e9ddb","eyes",0.00854127624570244,"12"
"87","1b9291ee-7904-4319-a182-222c2f7e9ddb","foot",0.109736242266363,"12"
"88","1b9291ee-7904-4319-a182-222c2f7e9ddb","hair",-0.00909319249812413,"12"
"89","1b9291ee-7904-4319-a182-222c2f7e9ddb","hand",0.155291540276373,"12"
"90","1b9291ee-7904-4319-a182-222c2f7e9ddb","milk",0.109736242266363,"12"
"91","1b9291ee-7904-4319-a182-222c2f7e9ddb","mouth",0.124637447631325,"12"
"92","1b9291ee-7904-4319-a182-222c2f7e9ddb","yogurt",0.155291540276373,"12"
"93","1c0a5b8d-7617-42eb-a1f4-71e8d2c8f51e","apple",-0.0988035099535997,"12"
"94","1c0a5b8d-7617-42eb-a1f4-71e8d2c8f51e","banana",0.06333396176044,"12"
"95","1c0a5b8d-7617-42eb-a1f4-71e8d2c8f51e","cookie",-0.0823336693548387,"12"
"96","1c0a5b8d-7617-42eb-a1f4-71e8d2c8f51e","eyes",-0.0823336693548388,"12"
"97","1c0a5b8d-7617-42eb-a1f4-71e8d2c8f51e","foot",0.190502933621482,"12"
"98","1c0a5b8d-7617-42eb-a1f4-71e8d2c8f51e","hair",0.0633339617604399,"12"
"99","1c0a5b8d-7617-42eb-a1f4-71e8d2c8f51e","hand",-0.0824052278329668,"12"
"100","1c0a5b8d-7617-42eb-a1f4-71e8d2c8f51e","mouth",-0.0988035099535998,"12"
"101","1c0a5b8d-7617-42eb-a1f4-71e8d2c8f51e","yogurt",-0.0824052278329669,"12"
"102","1d11ddd0-c1f0-4d87-b732-f16083f88e22","apple",-0.0543478260869565,"6"
"103","1d11ddd0-c1f0-4d87-b732-f16083f88e22","banana",-0.0627126883811376,"6"
"104","1d11ddd0-c1f0-4d87-b732-f16083f88e22","cookie",0.161444630471179,"6"
"105","1d11ddd0-c1f0-4d87-b732-f16083f88e22","eyes",0.161444630471179,"6"
"106","1d11ddd0-c1f0-4d87-b732-f16083f88e22","hair",-0.0627126883811375,"6"
"107","1d11ddd0-c1f0-4d87-b732-f16083f88e22","hand",-0.163360748266409,"6"
"108","1d11ddd0-c1f0-4d87-b732-f16083f88e22","yogurt",-0.163360748266409,"6"
"109","1da22c85-469f-44c2-9bb3-312daf3b21a5","apple",-0.0851851851851852,"12"
"110","1da22c85-469f-44c2-9bb3-312daf3b21a5","banana",0.223593466424682,"12"
"111","1da22c85-469f-44c2-9bb3-312daf3b21a5","cookie",0.0512056737588653,"12"
"112","1da22c85-469f-44c2-9bb3-312daf3b21a5","eyes",0.0512056737588653,"12"
"113","1da22c85-469f-44c2-9bb3-312daf3b21a5","foot",0.0978323722728843,"12"
"114","1da22c85-469f-44c2-9bb3-312daf3b21a5","hair",0.223593466424682,"12"
"115","1da22c85-469f-44c2-9bb3-312daf3b21a5","hand",0.165068370969544,"12"
"116","1da22c85-469f-44c2-9bb3-312daf3b21a5","milk",0.0978323722728843,"12"
"117","1da22c85-469f-44c2-9bb3-312daf3b21a5","mouth",-0.0851851851851851,"12"
"118","1da22c85-469f-44c2-9bb3-312daf3b21a5","yogurt",0.165068370969544,"12"
"119","2422cca0-c228-4211-86c5-809afbcc7a4d","apple",0.231374336219031,"12"
"120","2422cca0-c228-4211-86c5-809afbcc7a4d","banana",-0.118409768804151,"12"
"121","2422cca0-c228-4211-86c5-809afbcc7a4d","cookie",0.0840347542764051,"12"
"122","2422cca0-c228-4211-86c5-809afbcc7a4d","eyes",0.084034754276405,"12"
"123","2422cca0-c228-4211-86c5-809afbcc7a4d","foot",0.284531182485957,"12"
"124","2422cca0-c228-4211-86c5-809afbcc7a4d","hand",-0.308197463768116,"12"
"125","2422cca0-c228-4211-86c5-809afbcc7a4d","mouth",0.231374336219031,"12"
"126","257e85c7-6ba9-45b5-98da-5cd61b51b694","apple",-0.20727816550349,"12"
"127","257e85c7-6ba9-45b5-98da-5cd61b51b694","banana",-0.0650980082392544,"12"
"128","257e85c7-6ba9-45b5-98da-5cd61b51b694","cookie",-0.0227272727272727,"12"
"129","257e85c7-6ba9-45b5-98da-5cd61b51b694","eyes",-0.0227272727272727,"12"
"130","257e85c7-6ba9-45b5-98da-5cd61b51b694","foot",0.0301892503836494,"12"
"131","257e85c7-6ba9-45b5-98da-5cd61b51b694","hair",-0.0650980082392543,"12"
"132","257e85c7-6ba9-45b5-98da-5cd61b51b694","hand",-0.0290837312809268,"12"
"133","257e85c7-6ba9-45b5-98da-5cd61b51b694","milk",0.0301892503836493,"12"
"134","257e85c7-6ba9-45b5-98da-5cd61b51b694","mouth",-0.20727816550349,"12"
"135","257e85c7-6ba9-45b5-98da-5cd61b51b694","yogurt",-0.0290837312809267,"12"
"136","293e9cd5-1fc6-4950-afd2-7929b83e0d4a","apple",0.317829457364341,"12"
"137","293e9cd5-1fc6-4950-afd2-7929b83e0d4a","banana",0.026890756302521,"12"
"138","293e9cd5-1fc6-4950-afd2-7929b83e0d4a","cookie",0.311267605633803,"12"
"139","293e9cd5-1fc6-4950-afd2-7929b83e0d4a","eyes",0.311267605633803,"12"
"140","293e9cd5-1fc6-4950-afd2-7929b83e0d4a","foot",0.218779123951538,"12"
"141","293e9cd5-1fc6-4950-afd2-7929b83e0d4a","hair",0.026890756302521,"12"
"142","293e9cd5-1fc6-4950-afd2-7929b83e0d4a","hand",0.152597402597403,"12"
"143","293e9cd5-1fc6-4950-afd2-7929b83e0d4a","milk",0.218779123951538,"12"
"144","293e9cd5-1fc6-4950-afd2-7929b83e0d4a","mouth",0.317829457364341,"12"
"145","293e9cd5-1fc6-4950-afd2-7929b83e0d4a","yogurt",0.152597402597403,"12"
"146","2e9bcba0-31d6-48ef-9ec8-04ccbc838ff9","apple",-0.0266955266955268,"12"
"147","2e9bcba0-31d6-48ef-9ec8-04ccbc838ff9","banana",-0.0365256998069499,"12"
"148","2e9bcba0-31d6-48ef-9ec8-04ccbc838ff9","cookie",-0.188029180176007,"12"
"149","2e9bcba0-31d6-48ef-9ec8-04ccbc838ff9","eyes",-0.188029180176007,"12"
"150","2e9bcba0-31d6-48ef-9ec8-04ccbc838ff9","foot",-0.0703223669428481,"12"
"151","2e9bcba0-31d6-48ef-9ec8-04ccbc838ff9","hand",-0.9121875,"12"
"152","2e9bcba0-31d6-48ef-9ec8-04ccbc838ff9","mouth",-0.0266955266955267,"12"
"153","2f9f948f-d9da-40f2-b5b1-247207217245","apple",-0.0563922701327282,"12"
"154","2f9f948f-d9da-40f2-b5b1-247207217245","banana",0.070634475014037,"12"
"155","2f9f948f-d9da-40f2-b5b1-247207217245","cookie",-0.383695652173913,"12"
"156","2f9f948f-d9da-40f2-b5b1-247207217245","eyes",-0.383695652173913,"12"
"157","2f9f948f-d9da-40f2-b5b1-247207217245","foot",0.123475687535078,"12"
"158","2f9f948f-d9da-40f2-b5b1-247207217245","hair",0.0706344750140371,"12"
"159","2f9f948f-d9da-40f2-b5b1-247207217245","hand",-0.0653087150431058,"12"
"160","2f9f948f-d9da-40f2-b5b1-247207217245","mouth",-0.0563922701327281,"12"
"161","2f9f948f-d9da-40f2-b5b1-247207217245","yogurt",-0.065308715043106,"12"
"162","31166c21-7fcb-4d7f-b606-1ce38fbea56f","apple",0.0695571013285291,"6"
"163","31166c21-7fcb-4d7f-b606-1ce38fbea56f","banana",-0.0435021476375987,"6"
"164","31166c21-7fcb-4d7f-b606-1ce38fbea56f","cookie",-0.160950652831678,"6"
"165","31166c21-7fcb-4d7f-b606-1ce38fbea56f","eyes",-0.160950652831678,"6"
"166","31166c21-7fcb-4d7f-b606-1ce38fbea56f","foot",0.240557522452159,"6"
"167","31166c21-7fcb-4d7f-b606-1ce38fbea56f","hair",-0.0435021476375986,"6"
"168","31166c21-7fcb-4d7f-b606-1ce38fbea56f","hand",-0.0395219825057175,"6"
"169","31166c21-7fcb-4d7f-b606-1ce38fbea56f","milk",0.240557522452159,"6"
"170","31166c21-7fcb-4d7f-b606-1ce38fbea56f","mouth",0.0695571013285292,"6"
"171","3253da16-238b-4f45-8610-dff84aa897d4","apple",0.062481989906501,"6"
"172","3253da16-238b-4f45-8610-dff84aa897d4","banana",-0.0594806661246242,"6"
"173","3253da16-238b-4f45-8610-dff84aa897d4","cookie",-0.317391018193681,"6"
"174","3253da16-238b-4f45-8610-dff84aa897d4","eyes",-0.317391018193681,"6"
"175","3253da16-238b-4f45-8610-dff84aa897d4","foot",0.129057665711364,"6"
"176","3253da16-238b-4f45-8610-dff84aa897d4","hair",-0.0594806661246241,"6"
"177","3253da16-238b-4f45-8610-dff84aa897d4","hand",0.160209423190453,"6"
"178","3253da16-238b-4f45-8610-dff84aa897d4","mouth",0.0624819899065011,"6"
"179","3253da16-238b-4f45-8610-dff84aa897d4","yogurt",0.160209423190453,"6"
"180","33f4dfee-b330-49b3-a70d-c5497436bfe9","apple",-0.0617997971021227,"12"
"181","33f4dfee-b330-49b3-a70d-c5497436bfe9","banana",-0.0661587301587301,"12"
"182","33f4dfee-b330-49b3-a70d-c5497436bfe9","cookie",-0.136851136851137,"12"
"183","33f4dfee-b330-49b3-a70d-c5497436bfe9","eyes",-0.136851136851137,"12"
"184","33f4dfee-b330-49b3-a70d-c5497436bfe9","foot",-0.021570796460177,"12"
"185","33f4dfee-b330-49b3-a70d-c5497436bfe9","hair",-0.0661587301587302,"12"
"186","33f4dfee-b330-49b3-a70d-c5497436bfe9","hand",0.303703703703704,"12"
"187","33f4dfee-b330-49b3-a70d-c5497436bfe9","yogurt",0.303703703703704,"12"
"188","388e70f5-902e-4197-9bf0-61e5f32de097","apple",0.161111860410516,"12"
"189","388e70f5-902e-4197-9bf0-61e5f32de097","banana",0.0664630068125036,"12"
"190","388e70f5-902e-4197-9bf0-61e5f32de097","cookie",0.108570240734875,"12"
"191","388e70f5-902e-4197-9bf0-61e5f32de097","eyes",0.108570240734875,"12"
"192","388e70f5-902e-4197-9bf0-61e5f32de097","foot",-0.110529762219161,"12"
"193","388e70f5-902e-4197-9bf0-61e5f32de097","hand",-0.0259728648511011,"12"
"194","388e70f5-902e-4197-9bf0-61e5f32de097","milk",-0.110529762219161,"12"
"195","3f6f99f8-1ba6-4ce5-8a38-0e0179620eac","foot",-0.510277551968413,"6"
"196","3f7b7e18-3928-4322-9742-edbcbf580aeb","apple",-0.193412384716733,"6"
"197","3f7b7e18-3928-4322-9742-edbcbf580aeb","banana",-0.294736842105263,"6"
"198","3f7b7e18-3928-4322-9742-edbcbf580aeb","hair",-0.294736842105263,"6"
"199","3f7b7e18-3928-4322-9742-edbcbf580aeb","mouth",-0.193412384716732,"6"
"200","47306b3d-3f47-4fa4-853f-d4adbd50ba6c","apple",-0.160290098801766,"6"
"201","47306b3d-3f47-4fa4-853f-d4adbd50ba6c","banana",-0.0903225806451612,"6"
"202","47306b3d-3f47-4fa4-853f-d4adbd50ba6c","cookie",-0.0440809354881094,"6"
"203","47306b3d-3f47-4fa4-853f-d4adbd50ba6c","eyes",-0.0440809354881093,"6"
"204","47306b3d-3f47-4fa4-853f-d4adbd50ba6c","foot",-0.179114490161002,"6"
"205","47306b3d-3f47-4fa4-853f-d4adbd50ba6c","hair",-0.0903225806451614,"6"
"206","47306b3d-3f47-4fa4-853f-d4adbd50ba6c","hand",-0.000409098347242787,"6"
"207","47306b3d-3f47-4fa4-853f-d4adbd50ba6c","milk",-0.179114490161002,"6"
"208","47306b3d-3f47-4fa4-853f-d4adbd50ba6c","mouth",-0.160290098801766,"6"
"209","47306b3d-3f47-4fa4-853f-d4adbd50ba6c","yogurt",-0.000409098347242676,"6"
"210","4e025f99-b4fa-41d9-8ad9-824b9d88d2d9","apple",0.0391194171681976,"6"
"211","4e025f99-b4fa-41d9-8ad9-824b9d88d2d9","cookie",0.178609625668449,"6"
"212","4e025f99-b4fa-41d9-8ad9-824b9d88d2d9","eyes",0.178609625668449,"6"
"213","4e025f99-b4fa-41d9-8ad9-824b9d88d2d9","hand",-0.202380952380952,"6"
"214","4e025f99-b4fa-41d9-8ad9-824b9d88d2d9","mouth",0.0391194171681977,"6"
"215","4e025f99-b4fa-41d9-8ad9-824b9d88d2d9","yogurt",-0.202380952380952,"6"
"216","500df8d0-a283-43bd-b60b-dd291f0484b0","banana",-0.0530707610146862,"12"
"217","500df8d0-a283-43bd-b60b-dd291f0484b0","hair",-0.0530707610146863,"12"
"218","541b92ea-6a83-4026-b6ff-72575cba1785","apple",0.0180930180930181,"12"
"219","541b92ea-6a83-4026-b6ff-72575cba1785","banana",-0.279260135684159,"12"
"220","541b92ea-6a83-4026-b6ff-72575cba1785","cookie",-0.259265183330604,"12"
"221","541b92ea-6a83-4026-b6ff-72575cba1785","foot",0.307884073797345,"12"
"222","541b92ea-6a83-4026-b6ff-72575cba1785","hair",-0.279260135684159,"12"
"223","541b92ea-6a83-4026-b6ff-72575cba1785","hand",0.227796052631579,"12"
"224","541b92ea-6a83-4026-b6ff-72575cba1785","milk",0.307884073797345,"12"
"225","541b92ea-6a83-4026-b6ff-72575cba1785","mouth",0.018093018093018,"12"
"226","541b92ea-6a83-4026-b6ff-72575cba1785","yogurt",0.227796052631579,"12"
"227","542a740b-12ca-43b1-96a0-6b2c2142d327","apple",0.145161290322581,"6"
"228","542a740b-12ca-43b1-96a0-6b2c2142d327","banana",-0.0566621303971299,"6"
"229","542a740b-12ca-43b1-96a0-6b2c2142d327","cookie",-0.387148440002563,"6"
"230","542a740b-12ca-43b1-96a0-6b2c2142d327","eyes",-0.387148440002563,"6"
"231","542a740b-12ca-43b1-96a0-6b2c2142d327","foot",0.44484052532833,"6"
"232","542a740b-12ca-43b1-96a0-6b2c2142d327","hair",-0.0566621303971298,"6"
"233","542a740b-12ca-43b1-96a0-6b2c2142d327","hand",0.290994662228089,"6"
"234","542a740b-12ca-43b1-96a0-6b2c2142d327","yogurt",0.290994662228089,"6"
"235","5695668c-eb3e-4156-8fe9-8c8615c26a4a","banana",-0.109364556845332,"12"
"236","5695668c-eb3e-4156-8fe9-8c8615c26a4a","foot",0.202133221792325,"12"
"237","5695668c-eb3e-4156-8fe9-8c8615c26a4a","hair",-0.109364556845332,"12"
"238","5695668c-eb3e-4156-8fe9-8c8615c26a4a","hand",0.309963658388855,"12"
"239","5695668c-eb3e-4156-8fe9-8c8615c26a4a","milk",0.202133221792325,"12"
"240","5695668c-eb3e-4156-8fe9-8c8615c26a4a","yogurt",0.309963658388855,"12"
"241","5864ecf2-7993-4712-9177-f4feeab105ea","apple",0.204344359256971,"12"
"242","5864ecf2-7993-4712-9177-f4feeab105ea","banana",-0.204159825588439,"12"
"243","5864ecf2-7993-4712-9177-f4feeab105ea","cookie",-0.238805970149254,"12"
"244","5864ecf2-7993-4712-9177-f4feeab105ea","eyes",-0.238805970149254,"12"
"245","5864ecf2-7993-4712-9177-f4feeab105ea","foot",-0.314950166112957,"12"
"246","5864ecf2-7993-4712-9177-f4feeab105ea","hair",-0.204159825588439,"12"
"247","5864ecf2-7993-4712-9177-f4feeab105ea","hand",0.036713688924279,"12"
"248","5864ecf2-7993-4712-9177-f4feeab105ea","mouth",0.204344359256971,"12"
"249","5864ecf2-7993-4712-9177-f4feeab105ea","yogurt",0.0367136889242791,"12"
"250","5a7ea095-c369-46ce-9b7e-5538504dce52","apple",0.026723440643366,"6"
"251","5a7ea095-c369-46ce-9b7e-5538504dce52","banana",0.101969056965224,"6"
"252","5a7ea095-c369-46ce-9b7e-5538504dce52","cookie",-0.504706863664116,"6"
"253","5a7ea095-c369-46ce-9b7e-5538504dce52","eyes",-0.504706863664116,"6"
"254","5a7ea095-c369-46ce-9b7e-5538504dce52","foot",-0.00789096126255384,"6"
"255","5a7ea095-c369-46ce-9b7e-5538504dce52","hair",0.101969056965225,"6"
"256","5a7ea095-c369-46ce-9b7e-5538504dce52","hand",0.312637563239973,"6"
"257","5a7ea095-c369-46ce-9b7e-5538504dce52","mouth",0.0267234406433658,"6"
"258","5a7ea095-c369-46ce-9b7e-5538504dce52","yogurt",0.312637563239973,"6"
"259","5caf21a7-a5ec-4bdc-828b-dfa5f3aaba31","apple",-0.16357121289672,"6"
"260","5caf21a7-a5ec-4bdc-828b-dfa5f3aaba31","banana",-0.205207835642618,"6"
"261","5caf21a7-a5ec-4bdc-828b-dfa5f3aaba31","cookie",0.0537704099875482,"6"
"262","5caf21a7-a5ec-4bdc-828b-dfa5f3aaba31","foot",0.149774583099292,"6"
"263","5caf21a7-a5ec-4bdc-828b-dfa5f3aaba31","hand",0.0755039168303676,"6"
"264","5caf21a7-a5ec-4bdc-828b-dfa5f3aaba31","milk",0.149774583099292,"6"
"265","5caf21a7-a5ec-4bdc-828b-dfa5f3aaba31","mouth",-0.16357121289672,"6"
"266","5caf21a7-a5ec-4bdc-828b-dfa5f3aaba31","yogurt",0.0755039168303676,"6"
"267","5ec484d7-b2e0-47ab-ab9a-34290f15cfcc","apple",-0.0512012764010396,"12"
"268","5ec484d7-b2e0-47ab-ab9a-34290f15cfcc","banana",0.172442398194531,"12"
"269","5ec484d7-b2e0-47ab-ab9a-34290f15cfcc","cookie",0.0204070630549442,"12"
"270","5ec484d7-b2e0-47ab-ab9a-34290f15cfcc","foot",-0.295025373997851,"12"
"271","5ec484d7-b2e0-47ab-ab9a-34290f15cfcc","hair",0.172442398194531,"12"
"272","5ec484d7-b2e0-47ab-ab9a-34290f15cfcc","hand",0.335392364734291,"12"
"273","5ec484d7-b2e0-47ab-ab9a-34290f15cfcc","mouth",-0.0512012764010396,"12"
"274","5ec484d7-b2e0-47ab-ab9a-34290f15cfcc","yogurt",0.335392364734292,"12"
"275","623e1a76-c6b1-4069-a73e-d24df01bc069","apple",-0.180387409200969,"12"
"276","6cc17b70-29de-481b-8672-f70a2428e0f9","apple",0.126936838247428,"6"
"277","6cc17b70-29de-481b-8672-f70a2428e0f9","banana",-0.230139585668179,"6"
"278","6cc17b70-29de-481b-8672-f70a2428e0f9","cookie",-0.128435521033825,"6"
"279","6cc17b70-29de-481b-8672-f70a2428e0f9","eyes",-0.128435521033825,"6"
"280","6cc17b70-29de-481b-8672-f70a2428e0f9","foot",-0.181672438117225,"6"
"281","6cc17b70-29de-481b-8672-f70a2428e0f9","hair",-0.230139585668179,"6"
"282","6cc17b70-29de-481b-8672-f70a2428e0f9","hand",0.012747631075634,"6"
"283","6cc17b70-29de-481b-8672-f70a2428e0f9","milk",-0.181672438117225,"6"
"284","6cc17b70-29de-481b-8672-f70a2428e0f9","mouth",0.126936838247428,"6"
"285","6cc17b70-29de-481b-8672-f70a2428e0f9","yogurt",0.012747631075634,"6"
"286","82e131df-e2ce-47da-9b19-990c27fa04a7","apple",-0.0627875659297497,"12"
"287","82e131df-e2ce-47da-9b19-990c27fa04a7","banana",0.438896357467512,"12"
"288","82e131df-e2ce-47da-9b19-990c27fa04a7","foot",0.0125634423329814,"12"
"289","82e131df-e2ce-47da-9b19-990c27fa04a7","hand",0.0966886619300419,"12"
"290","82e131df-e2ce-47da-9b19-990c27fa04a7","milk",0.0125634423329812,"12"
"291","82e131df-e2ce-47da-9b19-990c27fa04a7","mouth",-0.0627875659297498,"12"
"292","82e131df-e2ce-47da-9b19-990c27fa04a7","yogurt",0.0966886619300418,"12"
"293","84d5c1e5-cadb-46dd-aca5-1a906e3916ca","apple",-0.024812161453783,"12"
"294","84d5c1e5-cadb-46dd-aca5-1a906e3916ca","banana",-0.20609694430398,"12"
"295","84d5c1e5-cadb-46dd-aca5-1a906e3916ca","cookie",0.056091421301345,"12"
"296","84d5c1e5-cadb-46dd-aca5-1a906e3916ca","eyes",0.0560914213013449,"12"
"297","84d5c1e5-cadb-46dd-aca5-1a906e3916ca","foot",0.00657968369829687,"12"
"298","84d5c1e5-cadb-46dd-aca5-1a906e3916ca","hair",-0.20609694430398,"12"
"299","84d5c1e5-cadb-46dd-aca5-1a906e3916ca","hand",-0.250865093206319,"12"
"300","84d5c1e5-cadb-46dd-aca5-1a906e3916ca","mouth",-0.0248121614537831,"12"
"301","8a362df5-0bae-43b3-a757-fd160cf111aa","apple",0.0681818181818182,"6"
"302","8a362df5-0bae-43b3-a757-fd160cf111aa","banana",0.0572780945290203,"6"
"303","8a362df5-0bae-43b3-a757-fd160cf111aa","cookie",0.25511946220351,"6"
"304","8a362df5-0bae-43b3-a757-fd160cf111aa","eyes",0.25511946220351,"6"
"305","8a362df5-0bae-43b3-a757-fd160cf111aa","foot",0.0543508513175563,"6"
"306","8a362df5-0bae-43b3-a757-fd160cf111aa","hair",0.0572780945290203,"6"
"307","8a362df5-0bae-43b3-a757-fd160cf111aa","hand",-0.0240123571383135,"6"
"308","8a362df5-0bae-43b3-a757-fd160cf111aa","mouth",0.0681818181818181,"6"
"309","948f9377-b3b7-4910-87d6-b64eeee52434","cookie",0.0831074977416441,"6"
"310","948f9377-b3b7-4910-87d6-b64eeee52434","eyes",0.083107497741644,"6"
"311","95b2ce0f-c3c6-4de4-8d32-9f050ab5c501","apple",-0.22427708793976,"6"
"312","95b2ce0f-c3c6-4de4-8d32-9f050ab5c501","banana",0.178746887408305,"6"
"313","95b2ce0f-c3c6-4de4-8d32-9f050ab5c501","foot",-0.0813570487483531,"6"
"314","95b2ce0f-c3c6-4de4-8d32-9f050ab5c501","hair",0.178746887408305,"6"
"315","95b2ce0f-c3c6-4de4-8d32-9f050ab5c501","hand",-0.0739090909090909,"6"
"316","95b2ce0f-c3c6-4de4-8d32-9f050ab5c501","milk",-0.0813570487483531,"6"
"317","95b2ce0f-c3c6-4de4-8d32-9f050ab5c501","yogurt",-0.0739090909090909,"6"
"318","96525cba-df8a-4248-90f6-220441592b0e","apple",-0.0443576332539728,"12"
"319","96525cba-df8a-4248-90f6-220441592b0e","banana",-0.00482189714663528,"12"
"320","96525cba-df8a-4248-90f6-220441592b0e","cookie",0.204558204768583,"12"
"321","96525cba-df8a-4248-90f6-220441592b0e","eyes",0.204558204768583,"12"
"322","96525cba-df8a-4248-90f6-220441592b0e","foot",-0.0813085094874577,"12"
"323","96525cba-df8a-4248-90f6-220441592b0e","hair",-0.00482189714663517,"12"
"324","96525cba-df8a-4248-90f6-220441592b0e","hand",-0.102833699588549,"12"
"325","96525cba-df8a-4248-90f6-220441592b0e","mouth",-0.0443576332539728,"12"
"326","9ad57cbc-f883-4b58-9b99-63e64c2bf71e","apple",-0.141544117647059,"12"
"327","9ad57cbc-f883-4b58-9b99-63e64c2bf71e","foot",0.196470588235294,"12"
"328","9ad57cbc-f883-4b58-9b99-63e64c2bf71e","hand",0.256385696040868,"12"
"329","9ad57cbc-f883-4b58-9b99-63e64c2bf71e","milk",0.196470588235294,"12"
"330","9ad57cbc-f883-4b58-9b99-63e64c2bf71e","mouth",-0.141544117647059,"12"
"331","9fd3fdc0-0d1d-4684-8567-479616056287","banana",-0.0189397072202465,"6"
"332","9fd3fdc0-0d1d-4684-8567-479616056287","cookie",-0.401565557729941,"6"
"333","9fd3fdc0-0d1d-4684-8567-479616056287","eyes",-0.401565557729941,"6"
"334","9fd3fdc0-0d1d-4684-8567-479616056287","hair",-0.0189397072202464,"6"
"335","9fd3fdc0-0d1d-4684-8567-479616056287","hand",0.152109974424552,"6"
"336","9fd4e3f9-ea8a-48df-a526-04bdbc59ac79","apple",0.442391829623272,"12"
"337","9fd4e3f9-ea8a-48df-a526-04bdbc59ac79","banana",0.0923280423280423,"12"
"338","9fd4e3f9-ea8a-48df-a526-04bdbc59ac79","cookie",-0.323856774626322,"12"
"339","9fd4e3f9-ea8a-48df-a526-04bdbc59ac79","foot",0.0413991034833607,"12"
"340","9fd4e3f9-ea8a-48df-a526-04bdbc59ac79","hair",0.0923280423280423,"12"
"341","9fd4e3f9-ea8a-48df-a526-04bdbc59ac79","hand",0.131024666950135,"12"
"342","9fd4e3f9-ea8a-48df-a526-04bdbc59ac79","milk",0.0413991034833607,"12"
"343","9fd4e3f9-ea8a-48df-a526-04bdbc59ac79","yogurt",0.131024666950135,"12"
"344","a0fe20d1-1d1b-420a-9cf1-5d3077547554","apple",-0.202883759064757,"6"
"345","a0fe20d1-1d1b-420a-9cf1-5d3077547554","banana",-0.0564198687910028,"6"
"346","a0fe20d1-1d1b-420a-9cf1-5d3077547554","cookie",-0.086281179138322,"6"
"347","a0fe20d1-1d1b-420a-9cf1-5d3077547554","foot",-0.00613173993455685,"6"
"348","a0fe20d1-1d1b-420a-9cf1-5d3077547554","hair",-0.0564198687910028,"6"
"349","a0fe20d1-1d1b-420a-9cf1-5d3077547554","mouth",-0.202883759064757,"6"
"350","a5dedd8f-fc40-40d4-a794-01c2637fc2ce","apple",0.251904371808004,"12"
"351","a5dedd8f-fc40-40d4-a794-01c2637fc2ce","banana",0.256978975950375,"12"
"352","a5dedd8f-fc40-40d4-a794-01c2637fc2ce","cookie",-0.125367635857614,"12"
"353","a5dedd8f-fc40-40d4-a794-01c2637fc2ce","foot",0.179925643298026,"12"
"354","a5dedd8f-fc40-40d4-a794-01c2637fc2ce","hair",0.256978975950375,"12"
"355","a5dedd8f-fc40-40d4-a794-01c2637fc2ce","hand",0.0478271059327709,"12"
"356","a5dedd8f-fc40-40d4-a794-01c2637fc2ce","milk",0.179925643298026,"12"
"357","a5dedd8f-fc40-40d4-a794-01c2637fc2ce","yogurt",0.047827105932771,"12"
"358","a8aae5c6-ec9b-4dfd-a9c1-4f5976d2d60f","apple",0.0864923818871187,"6"
"359","a8aae5c6-ec9b-4dfd-a9c1-4f5976d2d60f","banana",0.054627411423528,"6"
"360","a8aae5c6-ec9b-4dfd-a9c1-4f5976d2d60f","cookie",0.0057508672262771,"6"
"361","a8aae5c6-ec9b-4dfd-a9c1-4f5976d2d60f","eyes",0.00575086722627716,"6"
"362","a8aae5c6-ec9b-4dfd-a9c1-4f5976d2d60f","foot",-0.121892656372386,"6"
"363","a8aae5c6-ec9b-4dfd-a9c1-4f5976d2d60f","hair",0.0546274114235279,"6"
"364","a8aae5c6-ec9b-4dfd-a9c1-4f5976d2d60f","hand",0.07427649453806,"6"
"365","a8aae5c6-ec9b-4dfd-a9c1-4f5976d2d60f","milk",-0.121892656372387,"6"
"366","a8aae5c6-ec9b-4dfd-a9c1-4f5976d2d60f","mouth",0.0864923818871188,"6"
"367","a8aae5c6-ec9b-4dfd-a9c1-4f5976d2d60f","yogurt",0.0742764945380601,"6"
"368","aac0690d-0aa0-4ba1-923c-8d11717f228b","apple",0.234460547504026,"12"
"369","aac0690d-0aa0-4ba1-923c-8d11717f228b","banana",0.238234193851018,"12"
"370","aac0690d-0aa0-4ba1-923c-8d11717f228b","cookie",0.169391330882317,"12"
"371","aac0690d-0aa0-4ba1-923c-8d11717f228b","eyes",0.169391330882317,"12"
"372","aac0690d-0aa0-4ba1-923c-8d11717f228b","foot",0.146256018125177,"12"
"373","aac0690d-0aa0-4ba1-923c-8d11717f228b","hair",0.238234193851018,"12"
"374","aac0690d-0aa0-4ba1-923c-8d11717f228b","hand",0.272043010752688,"12"
"375","aac0690d-0aa0-4ba1-923c-8d11717f228b","milk",0.146256018125177,"12"
"376","aac0690d-0aa0-4ba1-923c-8d11717f228b","yogurt",0.272043010752688,"12"
"377","ad5bf6d6-7ae2-4b4d-b102-d8406e77c167","banana",0.334015345268542,"6"
"378","ad5bf6d6-7ae2-4b4d-b102-d8406e77c167","cookie",0.20384904848941,"6"
"379","ad5bf6d6-7ae2-4b4d-b102-d8406e77c167","eyes",0.20384904848941,"6"
"380","ad5bf6d6-7ae2-4b4d-b102-d8406e77c167","foot",0.279411764705882,"6"
"381","ad5bf6d6-7ae2-4b4d-b102-d8406e77c167","hair",0.334015345268542,"6"
"382","ad5bf6d6-7ae2-4b4d-b102-d8406e77c167","hand",-0.116687066503468,"6"
"383","ad5bf6d6-7ae2-4b4d-b102-d8406e77c167","yogurt",-0.116687066503468,"6"
"384","ae4de261-f5e7-4282-817b-71d298e6ccec","banana",-0.0194418604651163,"12"
"385","ae4de261-f5e7-4282-817b-71d298e6ccec","foot",-0.127935222672065,"12"
"386","ae4de261-f5e7-4282-817b-71d298e6ccec","hair",-0.0194418604651163,"12"
"387","ae4de261-f5e7-4282-817b-71d298e6ccec","hand",0.133954451345756,"12"
"388","ae4de261-f5e7-4282-817b-71d298e6ccec","milk",-0.127935222672065,"12"
"389","b3281ac1-0414-4b63-884a-00770a2c0498","apple",-0.196486073937772,"6"
"390","b3281ac1-0414-4b63-884a-00770a2c0498","banana",0.160335634889426,"6"
"391","b3281ac1-0414-4b63-884a-00770a2c0498","cookie",-0.0189017320935841,"6"
"392","b3281ac1-0414-4b63-884a-00770a2c0498","eyes",-0.0189017320935841,"6"
"393","b3281ac1-0414-4b63-884a-00770a2c0498","foot",0.175663133455766,"6"
"394","b3281ac1-0414-4b63-884a-00770a2c0498","hand",-0.127738927738928,"6"
"395","b3281ac1-0414-4b63-884a-00770a2c0498","milk",0.175663133455766,"6"
"396","b3281ac1-0414-4b63-884a-00770a2c0498","mouth",-0.196486073937772,"6"
"397","b3281ac1-0414-4b63-884a-00770a2c0498","yogurt",-0.127738927738928,"6"
"398","c249ac99-7103-4d9f-a385-6433ef511b7a","banana",0.182258064516129,"6"
"399","c249ac99-7103-4d9f-a385-6433ef511b7a","cookie",-0.357635467980296,"6"
"400","c249ac99-7103-4d9f-a385-6433ef511b7a","eyes",-0.357635467980296,"6"
"401","c249ac99-7103-4d9f-a385-6433ef511b7a","foot",0.45979020979021,"6"
"402","c249ac99-7103-4d9f-a385-6433ef511b7a","hair",0.182258064516129,"6"
"403","c249ac99-7103-4d9f-a385-6433ef511b7a","hand",-0.184045584045584,"6"
"404","c249ac99-7103-4d9f-a385-6433ef511b7a","yogurt",-0.184045584045584,"6"
"405","ce3576ae-b709-4de2-9d36-32dc5df83253","apple",0.0173088048131436,"12"
"406","ce3576ae-b709-4de2-9d36-32dc5df83253","banana",0.383171669632096,"12"
"407","ce3576ae-b709-4de2-9d36-32dc5df83253","cookie",0.438620902906617,"12"
"408","ce3576ae-b709-4de2-9d36-32dc5df83253","eyes",0.438620902906617,"12"
"409","ce3576ae-b709-4de2-9d36-32dc5df83253","foot",-0.0330827067669173,"12"
"410","ce3576ae-b709-4de2-9d36-32dc5df83253","hair",0.383171669632095,"12"
"411","ce3576ae-b709-4de2-9d36-32dc5df83253","hand",-0.0126690792596108,"12"
"412","ce3576ae-b709-4de2-9d36-32dc5df83253","milk",-0.0330827067669173,"12"
"413","ce3576ae-b709-4de2-9d36-32dc5df83253","yogurt",-0.0126690792596109,"12"
"414","d139f6f2-6b46-45a9-b60b-5d7f1b571c5d","apple",-0.188645542093818,"6"
"415","d139f6f2-6b46-45a9-b60b-5d7f1b571c5d","banana",-0.333290653008963,"6"
"416","d139f6f2-6b46-45a9-b60b-5d7f1b571c5d","cookie",-0.428308823529412,"6"
"417","d139f6f2-6b46-45a9-b60b-5d7f1b571c5d","eyes",-0.428308823529412,"6"
"418","d139f6f2-6b46-45a9-b60b-5d7f1b571c5d","foot",-0.181273644388398,"6"
"419","d139f6f2-6b46-45a9-b60b-5d7f1b571c5d","hand",-0.162289418391675,"6"
"420","d139f6f2-6b46-45a9-b60b-5d7f1b571c5d","milk",-0.181273644388399,"6"
"421","d139f6f2-6b46-45a9-b60b-5d7f1b571c5d","mouth",-0.188645542093818,"6"
"422","d3bcd095-67fd-4c4f-ba8a-fdc71bf14fa8","apple",-0.372755417956656,"6"
"423","d3bcd095-67fd-4c4f-ba8a-fdc71bf14fa8","banana",0.475125032903396,"6"
"424","d3bcd095-67fd-4c4f-ba8a-fdc71bf14fa8","cookie",0.571758800607622,"6"
"425","d3bcd095-67fd-4c4f-ba8a-fdc71bf14fa8","foot",-0.356603456955865,"6"
"426","d3bcd095-67fd-4c4f-ba8a-fdc71bf14fa8","hair",0.475125032903396,"6"
"427","d3bcd095-67fd-4c4f-ba8a-fdc71bf14fa8","hand",-0.199248120300752,"6"
"428","d7947371-1fbc-444b-9f5b-8c93452af17c","apple",-0.225825634771926,"12"
"429","d7947371-1fbc-444b-9f5b-8c93452af17c","banana",0.188193066873101,"12"
"430","d7947371-1fbc-444b-9f5b-8c93452af17c","cookie",0.0515344203783626,"12"
"431","d7947371-1fbc-444b-9f5b-8c93452af17c","eyes",0.0515344203783626,"12"
"432","d7947371-1fbc-444b-9f5b-8c93452af17c","foot",0.0391609795433324,"12"
"433","d7947371-1fbc-444b-9f5b-8c93452af17c","hair",0.188193066873101,"12"
"434","d7947371-1fbc-444b-9f5b-8c93452af17c","hand",-0.00869972828245902,"12"
"435","d7947371-1fbc-444b-9f5b-8c93452af17c","milk",0.0391609795433325,"12"
"436","d7947371-1fbc-444b-9f5b-8c93452af17c","mouth",-0.225825634771926,"12"
"437","d7947371-1fbc-444b-9f5b-8c93452af17c","yogurt",-0.00869972828245907,"12"
"438","d9c799e8-ffd9-4845-89d1-0e2432e9f25a","apple",0.0439354652837799,"12"
"439","d9c799e8-ffd9-4845-89d1-0e2432e9f25a","banana",0.0338895319639865,"12"
"440","d9c799e8-ffd9-4845-89d1-0e2432e9f25a","cookie",0.173234811165846,"12"
"441","d9c799e8-ffd9-4845-89d1-0e2432e9f25a","eyes",0.173234811165846,"12"
"442","d9c799e8-ffd9-4845-89d1-0e2432e9f25a","foot",-0.239833019122004,"12"
"443","d9c799e8-ffd9-4845-89d1-0e2432e9f25a","hair",0.0338895319639864,"12"
"444","d9c799e8-ffd9-4845-89d1-0e2432e9f25a","milk",-0.239833019122004,"12"
"445","da02ea62-68b6-4b32-965d-9676bd328193","banana",-0.0378025200700542,"12"
"446","da02ea62-68b6-4b32-965d-9676bd328193","cookie",0.107478039909116,"12"
"447","da02ea62-68b6-4b32-965d-9676bd328193","eyes",0.107478039909116,"12"
"448","da02ea62-68b6-4b32-965d-9676bd328193","hand",-0.0695455519774318,"12"
"449","da02ea62-68b6-4b32-965d-9676bd328193","yogurt",-0.069545551977432,"12"
"450","daa9097b-722d-4e57-846a-97a5e548e2ce","apple",-0.0769400352733686,"6"
"451","daa9097b-722d-4e57-846a-97a5e548e2ce","banana",0.248105510472075,"6"
"452","daa9097b-722d-4e57-846a-97a5e548e2ce","cookie",0.0468652037617555,"6"
"453","daa9097b-722d-4e57-846a-97a5e548e2ce","foot",-0.146846846846847,"6"
"454","daa9097b-722d-4e57-846a-97a5e548e2ce","hair",0.248105510472076,"6"
"455","daa9097b-722d-4e57-846a-97a5e548e2ce","hand",-0.0774406807288569,"6"
"456","daa9097b-722d-4e57-846a-97a5e548e2ce","milk",-0.146846846846847,"6"
"457","daa9097b-722d-4e57-846a-97a5e548e2ce","mouth",-0.0769400352733686,"6"
"458","daa9097b-722d-4e57-846a-97a5e548e2ce","yogurt",-0.0774406807288571,"6"
"459","dff41178-de67-4642-b884-f99a16e49bb5","apple",-0.0950026863328618,"12"
"460","dff41178-de67-4642-b884-f99a16e49bb5","banana",0.119705897677591,"12"
"461","dff41178-de67-4642-b884-f99a16e49bb5","cookie",0.204112640848766,"12"
"462","dff41178-de67-4642-b884-f99a16e49bb5","foot",0.104310892346777,"12"
"463","dff41178-de67-4642-b884-f99a16e49bb5","hand",0.0999149437965076,"12"
"464","dff41178-de67-4642-b884-f99a16e49bb5","yogurt",0.0999149437965077,"12"
"465","e028c328-ed67-4893-bb83-7b2528bb3c3f","apple",0.0603036181076654,"6"
"466","e028c328-ed67-4893-bb83-7b2528bb3c3f","banana",-0.172896551724138,"6"
"467","e028c328-ed67-4893-bb83-7b2528bb3c3f","cookie",0.0846767627422244,"6"
"468","e028c328-ed67-4893-bb83-7b2528bb3c3f","eyes",0.0846767627422244,"6"
"469","e028c328-ed67-4893-bb83-7b2528bb3c3f","foot",-0.278024417314095,"6"
"470","e028c328-ed67-4893-bb83-7b2528bb3c3f","hair",-0.172896551724138,"6"
"471","e028c328-ed67-4893-bb83-7b2528bb3c3f","hand",-0.113196480938416,"6"
"472","e028c328-ed67-4893-bb83-7b2528bb3c3f","milk",-0.278024417314095,"6"
"473","e028c328-ed67-4893-bb83-7b2528bb3c3f","mouth",0.0603036181076653,"6"
"474","e028c328-ed67-4893-bb83-7b2528bb3c3f","yogurt",-0.113196480938416,"6"
"475","e18df596-60eb-4e9e-a8eb-0de2cba617dd","apple",0.22182415306094,"12"
"476","e18df596-60eb-4e9e-a8eb-0de2cba617dd","banana",-0.116274299673792,"12"
"477","e18df596-60eb-4e9e-a8eb-0de2cba617dd","cookie",0.0828424895449168,"12"
"478","e18df596-60eb-4e9e-a8eb-0de2cba617dd","eyes",0.0828424895449168,"12"
"479","e18df596-60eb-4e9e-a8eb-0de2cba617dd","foot",0.149497337532681,"12"
"480","e18df596-60eb-4e9e-a8eb-0de2cba617dd","hand",-0.00260969090340368,"12"
"481","e18df596-60eb-4e9e-a8eb-0de2cba617dd","milk",0.149497337532681,"12"
"482","e18df596-60eb-4e9e-a8eb-0de2cba617dd","mouth",0.22182415306094,"12"
"483","e18df596-60eb-4e9e-a8eb-0de2cba617dd","yogurt",-0.00260969090340374,"12"
"484","e6681ec0-8580-4c90-8b78-ba2eda235b24","apple",0.591404358353511,"6"
"485","e6681ec0-8580-4c90-8b78-ba2eda235b24","cookie",-0.0728680101427999,"6"
"486","e6681ec0-8580-4c90-8b78-ba2eda235b24","eyes",-0.0728680101428,"6"
"487","e6681ec0-8580-4c90-8b78-ba2eda235b24","foot",-0.147239090150284,"6"
"488","e6681ec0-8580-4c90-8b78-ba2eda235b24","hand",-0.0615348222411627,"6"
"489","e6681ec0-8580-4c90-8b78-ba2eda235b24","milk",-0.147239090150284,"6"
"490","e6681ec0-8580-4c90-8b78-ba2eda235b24","yogurt",-0.0615348222411626,"6"
"491","e9c93b65-ba91-47f9-ba15-ebd49936a22c","apple",-0.142673741869223,"12"
"492","e9c93b65-ba91-47f9-ba15-ebd49936a22c","banana",0.166603892027621,"12"
"493","e9c93b65-ba91-47f9-ba15-ebd49936a22c","cookie",0.157387955182073,"12"
"494","e9c93b65-ba91-47f9-ba15-ebd49936a22c","eyes",0.157387955182073,"12"
"495","e9c93b65-ba91-47f9-ba15-ebd49936a22c","foot",0.0682375519778228,"12"
"496","e9c93b65-ba91-47f9-ba15-ebd49936a22c","hair",0.166603892027621,"12"
"497","e9c93b65-ba91-47f9-ba15-ebd49936a22c","hand",-0.0974747381101679,"12"
"498","e9c93b65-ba91-47f9-ba15-ebd49936a22c","milk",0.0682375519778228,"12"
"499","e9c93b65-ba91-47f9-ba15-ebd49936a22c","mouth",-0.142673741869223,"12"
"500","ebffac03-2b65-487b-a944-4680e1ebc410","apple",0.0927223573713676,"6"
"501","ebffac03-2b65-487b-a944-4680e1ebc410","banana",0.0202086049543677,"6"
"502","ebffac03-2b65-487b-a944-4680e1ebc410","cookie",-0.00219186415810058,"6"
"503","ebffac03-2b65-487b-a944-4680e1ebc410","eyes",-0.00219186415810052,"6"
"504","ebffac03-2b65-487b-a944-4680e1ebc410","foot",-0.0316953343292314,"6"
"505","ebffac03-2b65-487b-a944-4680e1ebc410","hair",0.0202086049543676,"6"
"506","ebffac03-2b65-487b-a944-4680e1ebc410","hand",0.00188150586163965,"6"
"507","ebffac03-2b65-487b-a944-4680e1ebc410","mouth",0.0927223573713676,"6"
"508","ebffac03-2b65-487b-a944-4680e1ebc410","yogurt",0.00188150586163971,"6"
"509","ed8fc258-ab43-41e2-8294-5f349ef3d9c1","apple",0.111067733436155,"6"
"510","ed8fc258-ab43-41e2-8294-5f349ef3d9c1","banana",-0.0302150364650365,"6"
"511","ed8fc258-ab43-41e2-8294-5f349ef3d9c1","cookie",0.0143042145123604,"6"
"512","ed8fc258-ab43-41e2-8294-5f349ef3d9c1","eyes",0.0143042145123604,"6"
"513","ed8fc258-ab43-41e2-8294-5f349ef3d9c1","foot",0.058605734796589,"6"
"514","ed8fc258-ab43-41e2-8294-5f349ef3d9c1","hair",-0.0302150364650365,"6"
"515","ed8fc258-ab43-41e2-8294-5f349ef3d9c1","hand",-0.0910808767951625,"6"
"516","ed8fc258-ab43-41e2-8294-5f349ef3d9c1","yogurt",-0.0910808767951624,"6"
"517","fe85735d-5680-4edc-b835-3a70d4d90a9f","apple",-0.179056494274836,"12"
"518","fe85735d-5680-4edc-b835-3a70d4d90a9f","banana",0.168413270501854,"12"
"519","fe85735d-5680-4edc-b835-3a70d4d90a9f","cookie",0.0485469529970579,"12"
"520","fe85735d-5680-4edc-b835-3a70d4d90a9f","eyes",0.0485469529970578,"12"
"521","fe85735d-5680-4edc-b835-3a70d4d90a9f","foot",0.0785159689343931,"12"
"522","fe85735d-5680-4edc-b835-3a70d4d90a9f","hair",0.168413270501854,"12"
"523","fe85735d-5680-4edc-b835-3a70d4d90a9f","hand",-0.206289405778563,"12"
"524","fe85735d-5680-4edc-b835-3a70d4d90a9f","milk",0.0785159689343932,"12"
"525","fe85735d-5680-4edc-b835-3a70d4d90a9f","mouth",-0.179056494274836,"12"
"526","fe85735d-5680-4edc-b835-3a70d4d90a9f","yogurt",-0.206289405778563,"12"
